<?xml version="1.0" encoding="utf-8"?>
<odoo noupdate="1">
    <record forcecreate="True" id="ir_cron_automatic_fetch_cfdi_invoices" model="ir.cron">
        <field name="name">Auto Import CFDI SAT Invoice</field>
        <field ref="model_res_company" name="model_id"/>
        <field name="state">code</field>
        <field name="code">model.auto_import_cfdi_invoices()</field>
        <field eval="True" name="active"/>
        <field name="user_id" ref="base.user_root"/>
        <field name="interval_number">1</field>
        <field name="interval_type">days</field>
        
        
    </record>

    <record forcecreate="True" id="verifica_solicitud_descarga" model="ir.cron">
        <field name="name">Verifica Solicitud Descarga SAT</field>
        <field ref="model_res_company" name="model_id"/>
        <field name="state">code</field>
        <field name="code">model.verifica_solicitud_descarga()</field>
        <field eval="True" name="active"/>
        <field name="user_id" ref="base.user_root"/>
        <field name="interval_number">1</field>
        <field name="interval_type">hours</field>
   
        
    </record>

</odoo>
